web-scraper-order,web-scraper-start-url,spray-link,spray-link-href,name,hex,ref
"1649325594-142","https://www.sprayplanet.com/collections/hardcore","Black (HRV-9011)","https://www.sprayplanet.com/collections/hardcore/products/hardcore-black","MTN Hardcore Spray Paint - Black (HRV-9011)","Hex #000000","MTN Hardcore Spray Paint - Black (HRV-9011)"
"1649325435-111","https://www.sprayplanet.com/collections/hardcore","Madrid Red (HRV-241)","https://www.sprayplanet.com/collections/hardcore/products/mtn-hardcore-spray-paint-madrid-red","MTN Hardcore Spray Paint - Madrid Red (HRV-241)","Hex: #E5352D","MTN Hardcore Spray Paint - Madrid Red (HRV-241)"
"1649325461-115","https://www.sprayplanet.com/collections/hardcore","Flamingo (HRV-259)","https://www.sprayplanet.com/collections/hardcore/products/mtn-hardcore-spray-paint-flamingo","MTN Hardcore Spray Paint - Flamingo (HRV-259)","Hex: #FF958E","MTN Hardcore Spray Paint - Flamingo (HRV-259)"
"1649325263-89","https://www.sprayplanet.com/collections/hardcore","Galaxy Violet (HRV-264)","https://www.sprayplanet.com/collections/hardcore/products/mtn-hardcore-spray-paint-galaxy-violet","MTN Hardcore Spray Paint - Galaxy Violet (HRV-264)","Hex: #2F2280","MTN Hardcore Spray Paint - Galaxy Violet (HRV-264)"
"1649325296-94","https://www.sprayplanet.com/collections/hardcore","Malva (HRV-256)","https://www.sprayplanet.com/collections/hardcore/products/mtn-hardcore-spray-paint-malva","MTN Hardcore Spray Paint - Malva (HRV-256)","Hex: #ACA6D1","MTN Hardcore Spray Paint - Malva (HRV-256)"
"1649325430-110","https://www.sprayplanet.com/collections/hardcore","Soviet Red (HRV-242)","https://www.sprayplanet.com/collections/hardcore/products/mtn-hardcore-spray-paint-soviet-red","MTN Hardcore Spray Paint - Soviet Red (HRV-242)","Hex: #8d0000","MTN Hardcore Spray Paint - Soviet Red (HRV-242)"
"1649325457-114","https://www.sprayplanet.com/collections/hardcore","Colorado Red (HRV-33)","https://www.sprayplanet.com/collections/hardcore/products/mtn-hardcore-spray-paint-colorado-red","MTN Hardcore Spray Paint - Colorado Red (HRV-33)","Hex: #E74F45","MTN Hardcore Spray Paint - Colorado Red (HRV-33)"
"1649325118-66","https://www.sprayplanet.com/collections/hardcore","NEW Fukushima Blue (HRV-355)","https://www.sprayplanet.com/collections/hardcore/products/mtn-hardcore-spray-paint-fukushima-blue","MTN Hardcore Spray Paint - NEW Fukushima Blue (HRV-355)","Hex #8ECFD3","MTN Hardcore Spray Paint - NEW Fukushima Blue (HRV-355)"
"1649324892-25","https://www.sprayplanet.com/collections/hardcore","Forest Green (HRV-251)","https://www.sprayplanet.com/collections/hardcore/products/mtn-hardcore-spray-paint-forest-green","MTN Hardcore Spray Paint - Forest Green (HRV-251)","Hex: #46502c","MTN Hardcore Spray Paint - Forest Green (HRV-251)"
"1649325078-58","https://www.sprayplanet.com/collections/hardcore","NEW Iceberg Blue (HRV-357)","https://www.sprayplanet.com/collections/hardcore/products/mtn-hardcore-spray-paint-iceberg-blue","MTN Hardcore Spray Paint - NEW Iceberg Blue (HRV-357)","Hex #6EC3BF","MTN Hardcore Spray Paint - NEW Iceberg Blue (HRV-357)"
"1649325518-126","https://www.sprayplanet.com/collections/hardcore","Mango (HRV-207)","https://www.sprayplanet.com/collections/hardcore/products/mtn-hardcore-spray-paint-mango","MTN Hardcore Spray Paint - Mango (HRV-207)","Hex: #E77A19","MTN Hardcore Spray Paint - Mango (HRV-207)"
"1649325231-84","https://www.sprayplanet.com/collections/hardcore","NEW Julione Blue (HRV-353)","https://www.sprayplanet.com/collections/hardcore/products/mtn-hardcore-spray-paint-julione-blue","MTN Hardcore Spray Paint - NEW Julione Blue (HRV-353)","Hex #40549f","MTN Hardcore Spray Paint - NEW Julione Blue (HRV-353)"
"1649324814-10","https://www.sprayplanet.com/collections/hardcore","Light Grey (HRV-6)","https://www.sprayplanet.com/collections/hardcore/products/mtn-hardcore-spray-paint-light-grey","MTN Hardcore Spray Paint - Light Grey (HRV-6)","Hex: #878787","MTN Hardcore Spray Paint - Light Grey (HRV-6)"
"1649325167-73","https://www.sprayplanet.com/collections/hardcore","NEW Himalayan Blue (HRV-13)","https://www.sprayplanet.com/collections/hardcore/products/mtn-hardcore-spray-paint-himalayan-blue","MTN Hardcore Spray Paint - NEW Himalayan Blue (HRV-13)","Hex #86CEE1","MTN Hardcore Spray Paint - NEW Himalayan Blue (HRV-13)"
"1649324842-15","https://www.sprayplanet.com/collections/hardcore","NEW Arkalis Grey (HRV-55)","https://www.sprayplanet.com/collections/hardcore/products/mtn-hardcore-spray-paint-arkalis-grey","MTN Hardcore Spray Paint - NEW Arkalis Grey (HRV-55)","Hex #EBE6D6","MTN Hardcore Spray Paint - NEW Arkalis Grey (HRV-55)"
"1649324846-16","https://www.sprayplanet.com/collections/hardcore","NEW Bone White (HRV-1013)","https://www.sprayplanet.com/collections/hardcore/products/mtn-hardcore-spray-paint-bone-white","MTN Hardcore Spray Paint - NEW Bone White (HRV-1013)","Hex #F3EFD6","MTN Hardcore Spray Paint - NEW Bone White (HRV-1013)"
"1649324834-14","https://www.sprayplanet.com/collections/hardcore","NEW City Grey (HRV-57)","https://www.sprayplanet.com/collections/hardcore/products/mtn-hardcore-spray-paint-city-grey","MTN Hardcore Spray Paint - NEW City Grey (HRV-57)","Hex #CABDB0","MTN Hardcore Spray Paint - NEW City Grey (HRV-57)"
"1649325224-83","https://www.sprayplanet.com/collections/hardcore","Babylon Blue (HRV-243)","https://www.sprayplanet.com/collections/hardcore/products/mtn-hardcore-spray-paint-babylon-blue","MTN Hardcore Spray Paint - Babylon Blue (HRV-243)","Hex: #574A96","MTN Hardcore Spray Paint - Babylon Blue (HRV-243)"
"1649324969-41","https://www.sprayplanet.com/collections/hardcore","Cologno N. Green (HRV-237)","https://www.sprayplanet.com/collections/hardcore/products/mtn-hardcore-spray-paint-cologno-n-green","MTN Hardcore Spray Paint - Cologno N. Green (HRV-237)","Hex: #6a8515","MTN Hardcore Spray Paint - Cologno N. Green (HRV-237)"
"1649324964-40","https://www.sprayplanet.com/collections/hardcore","Lutecia Green (HRV-5)","https://www.sprayplanet.com/collections/hardcore/products/mtn-hardcore-spray-paint-lutecia-green","MTN Hardcore Spray Paint - Lutecia Green (HRV-5)","Hex: #005900","MTN Hardcore Spray Paint - Lutecia Green (HRV-5)"
"1649325219-82","https://www.sprayplanet.com/collections/hardcore","NEW Lewis Blue (HRV-32)","https://www.sprayplanet.com/collections/hardcore/products/mtn-hardcore-spray-paint-lewis-blue","MTN Hardcore Spray Paint - NEW Lewis Blue (HRV-32)","Hex #40549f","MTN Hardcore Spray Paint - NEW Lewis Blue (HRV-32)"
"1649325538-129","https://www.sprayplanet.com/collections/hardcore","Atacama Yellow (HRV-206)","https://www.sprayplanet.com/collections/hardcore/products/mtn-hardcore-spray-paint-atacama-yellow","MTN Hardcore Spray Paint - Atacama Yellow (HRV-206)","Hex: #FBCB8C","MTN Hardcore Spray Paint - Atacama Yellow (HRV-206)"
"1649325584-139","https://www.sprayplanet.com/collections/hardcore","White (HRV-9010)","https://www.sprayplanet.com/collections/hardcore/products/mtn_hardcore_spray_paint_white","MTN Hardcore Spray Paint - White (HRV-9010)","Hex: #FFFFFF","MTN Hardcore Spray Paint - White (HRV-9010)"
"1649325471-117","https://www.sprayplanet.com/collections/hardcore","Prometheus Orange (HRV-210)","https://www.sprayplanet.com/collections/hardcore/products/mtn-hardcore-spray-paint-prometheus-orange","MTN Hardcore Spray Paint - Prometheus Orange (HRV-210)","Hex: #910e14","MTN Hardcore Spray Paint - Prometheus Orange (HRV-210)"
"1649325512-125","https://www.sprayplanet.com/collections/hardcore","Mustard (HRV-8023)","https://www.sprayplanet.com/collections/hardcore/products/mtn-hardcore-spray-paint-mustard","MTN Hardcore Spray Paint - Mustard (HRV-8023)","Hex: #B9501A","MTN Hardcore Spray Paint - Mustard (HRV-8023)"
"1649324915-30","https://www.sprayplanet.com/collections/hardcore","Element Green (HRV-253)","https://www.sprayplanet.com/collections/hardcore/products/mtn-hardcore-spray-paint-element-green","MTN Hardcore Spray Paint - Element Green (HRV-253)","Hex: #c5cc8f","MTN Hardcore Spray Paint - Element Green (HRV-253)"
"1649325577-137","https://www.sprayplanet.com/collections/hardcore","Matte White (HRVMatte White)","https://www.sprayplanet.com/collections/hardcore/products/mtn_hardcore_spray_paint_matte_white","MTN Hardcore Spray Paint - Matte White (HRVMatte White)","Hex: #FFFFFF","MTN Hardcore Spray Paint - Matte White (HRVMatte White)"
"1649325442-112","https://www.sprayplanet.com/collections/hardcore","Vivid Red (HRV-3001)","https://www.sprayplanet.com/collections/hardcore/products/mtn-hardcore-spray-paint-vivid-red","MTN Hardcore Spray Paint - Vivid Red (HRV-3001)","Hex: #C90019","MTN Hardcore Spray Paint - Vivid Red (HRV-3001)"
"1649324799-7","https://www.sprayplanet.com/collections/hardcore","Pearl Grey(HRV-7040)","https://www.sprayplanet.com/collections/hardcore/products/mtn-hardcore-spray-paint-pearl-grey","MTN Hardcore Spray Paint - Pearl Grey(HRV-7040)","Hex: #7B7C7E","MTN Hardcore Spray Paint - Pearl Grey(HRV-7040)"
"1649324861-19","https://www.sprayplanet.com/collections/hardcore","NEW Tobacco Brown (HRV-8017)","https://www.sprayplanet.com/collections/hardcore/products/mtn-hardcore-spray-paint-tobacco-brown","MTN Hardcore Spray Paint - NEW Tobacco Brown (HRV-8017)","Hex #CCE0AC","MTN Hardcore Spray Paint - NEW Tobacco Brown (HRV-8017)"
"1649325350-99","https://www.sprayplanet.com/collections/hardcore","Witch Violet (HRV-224)","https://www.sprayplanet.com/collections/hardcore/products/mtn-hardcore-spray-paint-witch-violet","MTN Hardcore Spray Paint - Witch Violet (HRV-224)","Hex: #C8739F","MTN Hardcore Spray Paint - Witch Violet (HRV-224)"
"1649324850-17","https://www.sprayplanet.com/collections/hardcore","NEW Puchineli White (HRV-365)","https://www.sprayplanet.com/collections/hardcore/products/mtn-hardcore-spray-paint-puccinelli-white","MTN Hardcore Spray Paint - NEW Puchineli White (HRV-365)","Hex #F9F7EA","MTN Hardcore Spray Paint - NEW Puchineli White (HRV-365)"
"1649325123-67","https://www.sprayplanet.com/collections/hardcore","Neptune Blue (HRV-218)","https://www.sprayplanet.com/collections/hardcore/products/mtn-hardcore-spray-paint-neptune-blue","MTN Hardcore Spray Paint - Neptune Blue (HRV-218)","Hex: #004578","MTN Hardcore Spray Paint - Neptune Blue (HRV-218)"
"1649325068-56","https://www.sprayplanet.com/collections/hardcore","NEW Mururoa Blue (HRV-359)","https://www.sprayplanet.com/collections/hardcore/products/mtn-hardcore-spray-paint-mururoa-blue","MTN Hardcore Spray Paint - NEW Mururoa Blue (HRV-359)","Hex #008C8D","MTN Hardcore Spray Paint - NEW Mururoa Blue (HRV-359)"
"1649325190-77","https://www.sprayplanet.com/collections/hardcore","Andromeda Blue (HRV-229)","https://www.sprayplanet.com/collections/hardcore/products/mtn-hardcore-spray-paint-andromeda-blue","MTN Hardcore Spray Paint - Andromeda Blue (HRV-229)","Hex: #465499","MTN Hardcore Spray Paint - Andromeda Blue (HRV-229)"
"1649325083-59","https://www.sprayplanet.com/collections/hardcore","NEW Vintage Blue (HRV-356)","https://www.sprayplanet.com/collections/hardcore/products/mtn-hardcore-spray-paint-vintage-blue","MTN Hardcore Spray Paint - NEW Vintage Blue (HRV-356)","Hex #97D2D0","MTN Hardcore Spray Paint - NEW Vintage Blue (HRV-356)"
"1649325211-80","https://www.sprayplanet.com/collections/hardcore","NEW Costa Brava Blue (HRV-74)","https://www.sprayplanet.com/collections/hardcore/products/mtn-hardcore-spray-paint-costa-brava-blue","MTN Hardcore Spray Paint - NEW Costa Brava Blue (HRV-74)","Hex #94BFE5","MTN Hardcore Spray Paint - NEW Costa Brava Blue (HRV-74)"
"1649325006-49","https://www.sprayplanet.com/collections/hardcore","UFO Green (HRV-220)","https://www.sprayplanet.com/collections/hardcore/products/mtn-hardcore-spray-paint-ufo-green","MTN Hardcore Spray Paint - UFO Green (HRV-220)","Hex: #5bb89e","MTN Hardcore Spray Paint - UFO Green (HRV-220)"
"1649325413-107","https://www.sprayplanet.com/collections/hardcore","Manga Pink (HRV-258)","https://www.sprayplanet.com/collections/hardcore/products/mtn-hardcore-spray-paint-manga-pink","MTN Hardcore Spray Paint - Manga Pink (HRV-258)","Hex: #FFA2CA","MTN Hardcore Spray Paint - Manga Pink (HRV-258)"
"1649325108-64","https://www.sprayplanet.com/collections/hardcore","Cousteau Blue (HRV-231)","https://www.sprayplanet.com/collections/hardcore/products/mtn-hardcore-spray-paint-cousteau-blue","MTN Hardcore Spray Paint - Cousteau Blue (HRV-231)","Hex: #1BB2C4","MTN Hardcore Spray Paint - Cousteau Blue (HRV-231)"
"1649324996-47","https://www.sprayplanet.com/collections/hardcore","Dark Green (HRV-6016)","https://www.sprayplanet.com/collections/hardcore/products/mtn-hardcore-spray-paint-dark-green","MTN Hardcore Spray Paint - Dark Green (HRV-6016)","Hex: #008352","MTN Hardcore Spray Paint - Dark Green (HRV-6016)"
"1649324865-20","https://www.sprayplanet.com/collections/hardcore","Toasted Brown (HRV-8002)","https://www.sprayplanet.com/collections/hardcore/products/mtn-hardcore-spray-paint-toasted-brown","MTN Hardcore Spray Paint - Toasted Brown (HRV-8002)","Hex: #8a5531","MTN Hardcore Spray Paint - Toasted Brown (HRV-8002)"
"1649324978-43","https://www.sprayplanet.com/collections/hardcore","Guacamole Green (HRV-34)","https://www.sprayplanet.com/collections/hardcore/products/mtn-hardcore-spray-paint-guacamole-green","MTN Hardcore Spray Paint - Guacamole Green (HRV-34)","Hex: #88b14f","MTN Hardcore Spray Paint - Guacamole Green (HRV-34)"
"1649325102-63","https://www.sprayplanet.com/collections/hardcore","Glacier Blue (HRV-232)","https://www.sprayplanet.com/collections/hardcore/products/mtn-hardcore-spray-paint-glacier-blue","MTN Hardcore Spray Paint - Glacier Blue (HRV-232)","Hex: #009CAB","MTN Hardcore Spray Paint - Glacier Blue (HRV-232)"
"1649325523-127","https://www.sprayplanet.com/collections/hardcore","Medium Yellow (HRV-1028)","https://www.sprayplanet.com/collections/hardcore/products/mtn-hardcore-spray-paint-medium-yellow","MTN Hardcore Spray Paint - Medium Yellow (HRV-1028)","Hex: #F6A800","MTN Hardcore Spray Paint - Medium Yellow (HRV-1028)"
"1649325012-50","https://www.sprayplanet.com/collections/hardcore","Paris Green (HRV-219)","https://www.sprayplanet.com/collections/hardcore/products/mtn-hardcore-spray-paint-paris-green","MTN Hardcore Spray Paint - Paris Green (HRV-219)","Hex: #8bc8aa","MTN Hardcore Spray Paint - Paris Green (HRV-219)"
"1649325204-79","https://www.sprayplanet.com/collections/hardcore","Waimea Blue (HRV-227)","https://www.sprayplanet.com/collections/hardcore/products/mtn-hardcore-spray-paint-waimea-blue-1","MTN Hardcore Spray Paint - Waimea Blue (HRV-227)","Hex: #6F9FD0","MTN Hardcore Spray Paint - Waimea Blue (HRV-227)"
"1649324953-38","https://www.sprayplanet.com/collections/hardcore","Poison Green (HRV-235)","https://www.sprayplanet.com/collections/hardcore/products/mtn-hardcore-spray-paint-poison-green","MTN Hardcore Spray Paint - Poison Green (HRV-235)","Hex: #dedd3a","MTN Hardcore Spray Paint - Poison Green (HRV-235)"
"1649325389-103","https://www.sprayplanet.com/collections/hardcore","Akari Red (HRV-212)","https://www.sprayplanet.com/collections/hardcore/products/mtn-hardcore-spray-paint-akari-red","MTN Hardcore Spray Paint - Akari Red (HRV-212)","Hex: #C50041","MTN Hardcore Spray Paint - Akari Red (HRV-212)"
"1649325180-75","https://www.sprayplanet.com/collections/hardcore","Leviathan Blue (HRV-230)","https://www.sprayplanet.com/collections/hardcore/products/mtn-hardcore-spray-paint-leviathan-blue","MTN Hardcore Spray Paint - Leviathan Blue (HRV-230)","Hex: #0D0F49","MTN Hardcore Spray Paint - Leviathan Blue (HRV-230)"
"1649325450-113","https://www.sprayplanet.com/collections/hardcore","Light Red (HRV-3020)","https://www.sprayplanet.com/collections/hardcore/products/mtn-hardcore-spray-paint-light-red","MTN Hardcore Spray Paint - Light Red (HRV-3020)","Hex: #E5352D","MTN Hardcore Spray Paint - Light Red (HRV-3020)"
"1649325249-87","https://www.sprayplanet.com/collections/hardcore","NEW Aurora Blue (HRV-73)","https://www.sprayplanet.com/collections/hardcore/products/mtn-hardcore-spray-paint-aurora-blue","MTN Hardcore Spray Paint - NEW Aurora Blue (HRV-73)","Hex #C8D3ED","MTN Hardcore Spray Paint - NEW Aurora Blue (HRV-73)"
"1649324795-6","https://www.sprayplanet.com/collections/hardcore","Dark Grey (HRV-7031)","https://www.sprayplanet.com/collections/hardcore/products/mtn-hardcore-spray-paint-dark-grey","MTN Hardcore Spray Paint - Dark Grey (HRV-7031)","Hex: #616264","MTN Hardcore Spray Paint - Dark Grey (HRV-7031)"
"1649325238-85","https://www.sprayplanet.com/collections/hardcore","NEW Gala Blue (HRV-352)","https://www.sprayplanet.com/collections/hardcore/products/mtn-hardcore-spray-paint-gala-blue","MTN Hardcore Spray Paint - NEW Gala Blue (HRV-352)","Hex #5d78ba","MTN Hardcore Spray Paint - NEW Gala Blue (HRV-352)"
"1649325088-60","https://www.sprayplanet.com/collections/hardcore","Indigo Blue (HRV-234)","https://www.sprayplanet.com/collections/hardcore/products/mtn-hardcore-spray-paint-indigo-blue","MTN Hardcore Spray Paint - Indigo Blue (HRV-234)","Hex: #004750","MTN Hardcore Spray Paint - Indigo Blue (HRV-234)"
"1649324900-27","https://www.sprayplanet.com/collections/hardcore","Khaki Green (HRV-6013)","https://www.sprayplanet.com/collections/hardcore/products/mtn-hardcore-spray-paint-khaki-green","MTN Hardcore Spray Paint - Khaki Green (HRV-6013)","#727e48","MTN Hardcore Spray Paint - Khaki Green (HRV-6013)"
"1649325184-76","https://www.sprayplanet.com/collections/hardcore","Ultramarine Blue (HRV-5002)","https://www.sprayplanet.com/collections/hardcore/products/mtn-hardcore-spray-paint-ultramarine-blue","MTN Hardcore Spray Paint - Ultramarine Blue (HRV-5002)","Hex: #37306A","MTN Hardcore Spray Paint - Ultramarine Blue (HRV-5002)"
"1649325040-53","https://www.sprayplanet.com/collections/hardcore","NEW Ocean Blue (HRV-5020)","https://www.sprayplanet.com/collections/hardcore/products/mtn-hardcore-spray-paint-ocean-blue","MTN Hardcore Spray Paint - NEW Ocean Blue (HRV-5020)","Hex #00454E","MTN Hardcore Spray Paint - NEW Ocean Blue (HRV-5020)"
"1649325591-141","https://www.sprayplanet.com/collections/hardcore","Satin Black (HRVSatin Black)","https://www.sprayplanet.com/collections/hardcore/products/hardcore_spray_paint_satin_black","MTN Hardcore Spray Paint - Satin Black (HRVSatin Black)","Hex: #000000","MTN Hardcore Spray Paint - Satin Black (HRVSatin Black)"
"1649325312-96","https://www.sprayplanet.com/collections/hardcore","Tube Violet (HRV-226)","https://www.sprayplanet.com/collections/hardcore/products/tube-violet","MTN Hardcore Spray Paint - Tube Violet (HRV-226)","Hex: #7C3F60","MTN Hardcore Spray Paint - Tube Violet (HRV-226)"
"1649324992-46","https://www.sprayplanet.com/collections/hardcore","Persephone Green (HRV-221)","https://www.sprayplanet.com/collections/hardcore/products/mtn-hardcore-spray-paint-persephone-green","MTN Hardcore Spray Paint - Persephone Green (HRV-221)","Hex: #005231","MTN Hardcore Spray Paint - Persephone Green (HRV-221)"
"1649325136-69","https://www.sprayplanet.com/collections/hardcore","Electric Blue (HRV-30)","https://www.sprayplanet.com/collections/hardcore/products/mtn-hardcore-spray-paint-electric-blue","MTN Hardcore Spray Paint - Electric Blue (HRV-30)","Hex: #007FC4","MTN Hardcore Spray Paint - Electric Blue (HRV-30)"
"1649325542-130","https://www.sprayplanet.com/collections/hardcore","Ganges Yellow (HRV-11)","https://www.sprayplanet.com/collections/hardcore/products/ganges-yellow","MTN Hardcore Spray Paint - Ganges Yellow (HRV-11)","Hex: #f4ca2a","MTN Hardcore Spray Paint - Ganges Yellow (HRV-11)"
"1649325588-140","https://www.sprayplanet.com/collections/hardcore","Matte Black (HRVMatte Black)","https://www.sprayplanet.com/collections/hardcore/products/mtn_hardcore_spray_paint_matte_black","MTN Hardcore Spray Paint - Matte Black (HRVMatte Black)","Hex: #000000","MTN Hardcore Spray Paint - Matte Black (HRVMatte Black)"
"1649324856-18","https://www.sprayplanet.com/collections/hardcore","Chocolate Brown(HRV-35)","https://www.sprayplanet.com/collections/hardcore/products/mtn-hardcore-spray-paint-chocolate-brown","MTN Hardcore Spray Paint - Chocolate Brown(HRV-35)","Hex: #4d2200","MTN Hardcore Spray Paint - Chocolate Brown(HRV-35)"
"1649324809-9","https://www.sprayplanet.com/collections/hardcore","NEW Squatter Grey (HRV-366)","https://www.sprayplanet.com/collections/hardcore/products/mtn-hardcore-spray-paint-squatter-grey","MTN Hardcore Spray Paint - NEW Squatter Grey (HRV-366)","Hex #C4C5C6","MTN Hardcore Spray Paint - NEW Squatter Grey (HRV-366)"
"1649325408-106","https://www.sprayplanet.com/collections/hardcore","Love Pink (HRV-211)","https://www.sprayplanet.com/collections/hardcore/products/mtn-hardcore-spray-paint-love-pink","MTN Hardcore Spray Paint - Love Pink (HRV-211)","Hex: #EE87AD","MTN Hardcore Spray Paint - Love Pink (HRV-211)"
"1649325061-55","https://www.sprayplanet.com/collections/hardcore","NEW Caribbean Blue (HRV-5021)","https://www.sprayplanet.com/collections/hardcore/products/mtn-hardcore-spray-paint-caribbean-blue","MTN Hardcore Spray Paint - NEW Caribbean Blue (HRV-5021)","Hex #007F80","MTN Hardcore Spray Paint - NEW Caribbean Blue (HRV-5021)"
"1649325573-136","https://www.sprayplanet.com/collections/hardcore","Unicorn Yellow (HRV-252)","https://www.sprayplanet.com/collections/hardcore/products/mtn_hardcore_spray_paint_unicorn_yellow","MTN Hardcore Spray Paint - Unicorn Yellow (HRV-252)","Hex: #FFFFBF","MTN Hardcore Spray Paint - Unicorn Yellow (HRV-252)"
"1649325214-81","https://www.sprayplanet.com/collections/hardcore","NEW Universe Blue (HRV-354)","https://www.sprayplanet.com/collections/hardcore/products/mtn-hardcore-spray-paint-universe-blue","MTN Hardcore Spray Paint - NEW Universe Blue (HRV-354)","Hex #40549f","MTN Hardcore Spray Paint - NEW Universe Blue (HRV-354)"
"1649325466-116","https://www.sprayplanet.com/collections/hardcore","Iroko Red (HRV-260)","https://www.sprayplanet.com/collections/hardcore/products/mtn-hardcore-spray-paint-iroko-red","MTN Hardcore Spray Paint - Iroko Red (HRV-260)","Hex: #5E0000","MTN Hardcore Spray Paint - Iroko Red (HRV-260)"
"1649324786-4","https://www.sprayplanet.com/collections/hardcore","Anthracite Grey (HRV-7016)","https://www.sprayplanet.com/collections/hardcore/products/mtn-hardcore-spray-paint-anthracite-grey","MTN Hardcore Spray Paint - Anthracite Grey (HRV-7016)","Hex: #464648","MTN Hardcore Spray Paint - Anthracite Grey (HRV-7016)"
"1649325506-124","https://www.sprayplanet.com/collections/hardcore","Pangea Brown (HRV-261)","https://www.sprayplanet.com/collections/hardcore/products/mtn-hardcore-spray-paint-pangea-brown","MTN Hardcore Spray Paint - Pangea Brown (HRV-261)","Hex: #933B00","MTN Hardcore Spray Paint - Pangea Brown (HRV-261)"
"1649324957-39","https://www.sprayplanet.com/collections/hardcore","NEW Amazonas Green (HRV-6009)","https://www.sprayplanet.com/collections/hardcore/products/mtn-hardcore-spray-paint-amazonas-green","MTN Hardcore Spray Paint - NEW Amazonas Green (HRV-6009)","Hex #0F2405","MTN Hardcore Spray Paint - NEW Amazonas Green (HRV-6009)"
"1649324982-44","https://www.sprayplanet.com/collections/hardcore","NEW Light Green (HRV-4)","https://www.sprayplanet.com/collections/hardcore/products/mtn-hardcore-spray-paint-light-green","MTN Hardcore Spray Paint - NEW Light Green (HRV-4)","Hex #74B957","MTN Hardcore Spray Paint - NEW Light Green (HRV-4)"
"1649325092-61","https://www.sprayplanet.com/collections/hardcore","Christiania Blue (HRV-233)","https://www.sprayplanet.com/collections/hardcore/products/mtn-hardcore-spray-paint-christiania-blue","MTN Hardcore Spray Paint - Christiania Blue (HRV-233)","Hex: #006675","MTN Hardcore Spray Paint - Christiania Blue (HRV-233)"
"1649324773-2","https://www.sprayplanet.com/collections/hardcore","Gold","https://www.sprayplanet.com/collections/hardcore/products/mtn-hardcore-spray-paint-gold","MTN Hardcore Spray Paint - Gold","Hex: #D3BF8C","MTN Hardcore Spray Paint - Gold"
"1649325489-121","https://www.sprayplanet.com/collections/hardcore","Pumpkin (HRV-208)","https://www.sprayplanet.com/collections/hardcore/products/mtn-hardcore-spray-paint-pumpkin","MTN Hardcore Spray Paint - Pumpkin (HRV-208)","Hex: #F6AD6B","MTN Hardcore Spray Paint - Pumpkin (HRV-208)"
"1649325569-135","https://www.sprayplanet.com/collections/hardcore","Beach Yellow (HRV-222)","https://www.sprayplanet.com/collections/hardcore/products/mtn_hardcore_spray_paint_beach_yellow","MTN Hardcore Spray Paint - Beach Yellow (HRV-222)","Hex: #fff386","MTN Hardcore Spray Paint - Beach Yellow (HRV-222)"
"1649325500-123","https://www.sprayplanet.com/collections/hardcore","NEW Rust Red (HRV-18)","https://www.sprayplanet.com/collections/hardcore/products/mtn-hardcore-spray-paint-rust-red","MTN Hardcore Spray Paint - NEW Rust Red (HRV-18)","Hex #6D2601","MTN Hardcore Spray Paint - NEW Rust Red (HRV-18)"
"1649325097-62","https://www.sprayplanet.com/collections/hardcore","Planet Blue (HRV-14)","https://www.sprayplanet.com/collections/hardcore/products/mtn-hardcore-spray-paint-planet-blue","MTN Hardcore Spray Paint - Planet Blue (HRV-14)","Hex: #008098","MTN Hardcore Spray Paint - Planet Blue (HRV-14)"
"1649324910-29","https://www.sprayplanet.com/collections/hardcore","Apple Green (HRV-15)","https://www.sprayplanet.com/collections/hardcore/products/mtn-hardcore-spray-paint-apple-green","MTN Hardcore Spray Paint - Apple Green (HRV-15)","Hex: #acb681","MTN Hardcore Spray Paint - Apple Green (HRV-15)"
"1649324896-26","https://www.sprayplanet.com/collections/hardcore","Olive Green (HRV-6003)","https://www.sprayplanet.com/collections/hardcore/products/mtn-hardcore-spray-paint-olive-green","MTN Hardcore Spray Paint - Olive Green (HRV-6003)","Hex: #60683d","MTN Hardcore Spray Paint - Olive Green (HRV-6003)"
"1649325197-78","https://www.sprayplanet.com/collections/hardcore","Zeppelin Blue (HRV-228)","https://www.sprayplanet.com/collections/hardcore/products/mtn-hardcore-spray-paint-zeppelin-blue","MTN Hardcore Spray Paint - Zeppelin Blue (HRV-228)","Hex: #4875B3","MTN Hardcore Spray Paint - Zeppelin Blue (HRV-228)"
"1649325580-138","https://www.sprayplanet.com/collections/hardcore","Satin White (HRVSatin White)","https://www.sprayplanet.com/collections/hardcore/products/mtn_hardcore_spray_paint_satin_white","MTN Hardcore Spray Paint - Satin White (HRVSatin White)","Hex: #FFFFFF","MTN Hardcore Spray Paint - Satin White (HRVSatin White)"
"1649325340-98","https://www.sprayplanet.com/collections/hardcore","Geisha Violet (HRV-225)","https://www.sprayplanet.com/collections/hardcore/products/mtn-hardcore-spray-paint-geisha-violet","MTN Hardcore Spray Paint - Geisha Violet (HRV-225)","Hex: #C15C92","MTN Hardcore Spray Paint - Geisha Violet (HRV-225)"
"1649325032-52","https://www.sprayplanet.com/collections/hardcore","NEW Potosi Green (HRV-361)","https://www.sprayplanet.com/collections/hardcore/products/mtn-hardcore-spray-paint-potosi-green","MTN Hardcore Spray Paint - NEW Potosi Green (HRV-361)","Hex #A6D5C6","MTN Hardcore Spray Paint - NEW Potosi Green (HRV-361)"
"1649325073-57","https://www.sprayplanet.com/collections/hardcore","NEW Waterlily Blue (HRV-358)","https://www.sprayplanet.com/collections/hardcore/products/mtn-hardcore-spray-paint-waterlily-blue","MTN Hardcore Spray Paint - NEW Waterlily Blue (HRV-358)","Hex #60B3AC","MTN Hardcore Spray Paint - NEW Waterlily Blue (HRV-358)"
"1649325531-128","https://www.sprayplanet.com/collections/hardcore","Peach (HRV-1017)","https://www.sprayplanet.com/collections/hardcore/products/mtn-hardcore-spray-paint-peach","MTN Hardcore Spray Paint - Peach (HRV-1017)","Hex: #F9BA57","MTN Hardcore Spray Paint - Peach (HRV-1017)"
"1649324882-23","https://www.sprayplanet.com/collections/hardcore","Tepuy Brown (HRV-247)","https://www.sprayplanet.com/collections/hardcore/products/tepuy-brown","MTN Hardcore Spray Paint - Tepuy Brown (HRV-247)","Hex: #deb276","MTN Hardcore Spray Paint - Tepuy Brown (HRV-247)"
"1649324780-3","https://www.sprayplanet.com/collections/hardcore","Silver","https://www.sprayplanet.com/collections/hardcore/products/mtn-hardcore-spray-paint-silver-chrome","MTN Hardcore Spray Paint - Silver","HEX: #C0C0C0","MTN Hardcore Spray Paint - Silver"
"1649325269-90","https://www.sprayplanet.com/collections/hardcore","Anonymous Violet (HRV-216)","https://www.sprayplanet.com/collections/hardcore/products/mtn-hardcore-spray-paint-anonymous-violet","MTN Hardcore Spray Paint - Anonymous Violet (HRV-216)","Hex: #45347A","MTN Hardcore Spray Paint - Anonymous Violet (HRV-216)"
"1649324987-45","https://www.sprayplanet.com/collections/hardcore","NEW Golden Green (HRV-24)","https://www.sprayplanet.com/collections/hardcore/products/mtn-hardcore-spray-paint-golden-green","MTN Hardcore Spray Paint - NEW Golden Green (HRV-24)","Hex #9CCD9A","MTN Hardcore Spray Paint - NEW Golden Green (HRV-24)"
"1649325480-119","https://www.sprayplanet.com/collections/hardcore","Orange (HRV-2004)","https://www.sprayplanet.com/collections/hardcore/products/mtn-hardcore-spray-paint-orange","MTN Hardcore Spray Paint - Orange (HRV-2004)","Hex: #E95E0F","MTN Hardcore Spray Paint - Orange (HRV-2004)"
"1649324768-1","https://www.sprayplanet.com/collections/hardcore","Copper","https://www.sprayplanet.com/collections/hardcore/products/mtn-hardcore-spray-paint-copper","MTN Hardcore Spray Paint - Copper","Hex: #93746b","MTN Hardcore Spray Paint - Copper"
"1649324924-32","https://www.sprayplanet.com/collections/hardcore","NEW Reggae Green (HRV-364)","https://www.sprayplanet.com/collections/hardcore/products/mtn-hardcore-spray-paint-reggae-green","MTN Hardcore Spray Paint - NEW Reggae Green (HRV-364)","Hex #006942","MTN Hardcore Spray Paint - NEW Reggae Green (HRV-364)"
"1649325325-97","https://www.sprayplanet.com/collections/hardcore","NEW Pure Purple (HRV-350)","https://www.sprayplanet.com/collections/hardcore/products/mtn-hardcore-spray-paint-pure-purple","MTN Hardcore Spray Paint - NEW Pure Purple (HRV-350)","Hex #8F154B","MTN Hardcore Spray Paint - NEW Pure Purple (HRV-350)"
"1649324973-42","https://www.sprayplanet.com/collections/hardcore","Valley Green (HRV-6018)","https://www.sprayplanet.com/collections/hardcore/products/mtn-hardcore-spray-paint-valley-green","MTN Hardcore Spray Paint - Valley Green (HRV-6018)","Hex: #6A9720","MTN Hardcore Spray Paint - Valley Green (HRV-6018)"
"1649324830-13","https://www.sprayplanet.com/collections/hardcore","NEW Regina Grey (HRV-42)","https://www.sprayplanet.com/collections/hardcore/products/mtn-hardcore-spray-paint-regina-grey","MTN Hardcore Spray Paint - NEW Regina Grey (HRV-42)","Hex #B7A794","MTN Hardcore Spray Paint - NEW Regina Grey (HRV-42)"
"1649325547-131","https://www.sprayplanet.com/collections/hardcore","Luxor Yellow (HRV-239)","https://www.sprayplanet.com/collections/hardcore/products/mtn-hardcore-spray-paint-luxor-yellow","MTN Hardcore Spray Paint - Luxor Yellow (HRV-239)","Hex: #FAB700","MTN Hardcore Spray Paint - Luxor Yellow (HRV-239)"
"1649325419-108","https://www.sprayplanet.com/collections/hardcore","NEW Alice Pink (HRV-348)","https://www.sprayplanet.com/collections/hardcore/products/mtn-hardcore-spray-paint-alice-pink","MTN Hardcore Spray Paint - NEW Alice Pink (HRV-348)","Hex #F4ADC5","MTN Hardcore Spray Paint - NEW Alice Pink (HRV-348)"
"1649325424-109","https://www.sprayplanet.com/collections/hardcore","Bordeaux Red (HRV-3004)","https://www.sprayplanet.com/collections/hardcore/products/mtn-hardcore-spray-paint-bordeaux-red","MTN Hardcore Spray Paint - Bordeaux Red (HRV-3004)","Hex: #82131D","MTN Hardcore Spray Paint - Bordeaux Red (HRV-3004)"
"1649324935-34","https://www.sprayplanet.com/collections/hardcore","NEW Mint Green (HRV-272)","https://www.sprayplanet.com/collections/hardcore/products/mtn-hardcore-spray-paint-mint-green","MTN Hardcore Spray Paint - NEW Mint Green (HRV-272)","Hex #60B565","MTN Hardcore Spray Paint - NEW Mint Green (HRV-272)"
"1649325000-48","https://www.sprayplanet.com/collections/hardcore","Surgical Green (HRV-21)","https://www.sprayplanet.com/collections/hardcore/products/mtn-hardcore-spray-paint-surgical-green","MTN Hardcore Spray Paint - Surgical Green (HRV-21)","Hex: #009473","MTN Hardcore Spray Paint - Surgical Green (HRV-21)"
"1649325144-70","https://www.sprayplanet.com/collections/hardcore","Avatar Blue (HRV-217)","https://www.sprayplanet.com/collections/hardcore/products/mtn-hardcore-spray-paint-avatar-blue","MTN Hardcore Spray Paint - Avatar Blue (HRV-217)","Hex: #00A2DD","MTN Hardcore Spray Paint - Avatar Blue (HRV-217)"
"1649325276-91","https://www.sprayplanet.com/collections/hardcore","Blue Violet (HRV-3)","https://www.sprayplanet.com/collections/hardcore/products/blue-violet","MTN Hardcore Spray Paint - Blue Violet (HRV-3)","Hex: #574A96","MTN Hardcore Spray Paint - Blue Violet (HRV-3)"
"1649324944-36","https://www.sprayplanet.com/collections/hardcore","Pistachio Green (HRV-16)","https://www.sprayplanet.com/collections/hardcore/products/mtn-hardcore-spray-paint-pistachio-green","MTN Hardcore Spray Paint - Pistachio Green (HRV-16)","Hex: #b0c643","MTN Hardcore Spray Paint - Pistachio Green (HRV-16)"
"1649324873-21","https://www.sprayplanet.com/collections/hardcore","Greyhound Brown (HRV-249)","https://www.sprayplanet.com/collections/hardcore/products/mtn-hardcore-spray-paint-greyhound-brown","MTN Hardcore Spray Paint - Greyhound Brown (HRV-249)","Hex: #b0763f","MTN Hardcore Spray Paint - Greyhound Brown (HRV-249)"
"1649324805-8","https://www.sprayplanet.com/collections/hardcore","Matter Grey (HRV-262)","https://www.sprayplanet.com/collections/hardcore/products/mtn-hardcore-spray-paint-matter-grey","MTN Hardcore Spray Paint - Matter Grey (HRV-262)","Hex: #7b7b7b","MTN Hardcore Spray Paint - Matter Grey (HRV-262)"
"1649325372-101","https://www.sprayplanet.com/collections/hardcore","NEW Treze Violet (HRV-349)","https://www.sprayplanet.com/collections/hardcore/products/mtn-hardcore-spray-paint-treze-violet","MTN Hardcore Spray Paint - NEW Treze Violet (HRV-349)","Hex #F6B8D0","MTN Hardcore Spray Paint - NEW Treze Violet (HRV-349)"
"1649325381-102","https://www.sprayplanet.com/collections/hardcore","Merlot Red (HRV-213)","https://www.sprayplanet.com/collections/hardcore/products/mtn-hardcore-spray-paint-merlot-red","MTN Hardcore Spray Paint - Merlot Red (HRV-213)","Hex: #762A3D","MTN Hardcore Spray Paint - Merlot Red (HRV-213)"
"1649325399-105","https://www.sprayplanet.com/collections/hardcore","Erika (HRV-4003)","https://www.sprayplanet.com/collections/hardcore/products/mtn-hardcore-spray-paint-erika","MTN Hardcore Spray Paint - Erika (HRV-4003)","","MTN Hardcore Spray Paint - Erika (HRV-4003)"
"1649324940-35","https://www.sprayplanet.com/collections/hardcore","NEW Mantis Green (HRV-362)","https://www.sprayplanet.com/collections/hardcore/products/mtn-hardcore-spray-paint-mantis-green","MTN Hardcore Spray Paint - NEW Mantis Green (HRV-362)","Hex #78BE7A","MTN Hardcore Spray Paint - NEW Mantis Green (HRV-362)"
"1649324919-31","https://www.sprayplanet.com/collections/hardcore","NEW Pale Green (HRV-6019)","https://www.sprayplanet.com/collections/hardcore/products/mtn-hardcore-spray-paint-pale-green","MTN Hardcore Spray Paint - NEW Pale Green (HRV-6019)","Hex #CCE0AC","MTN Hardcore Spray Paint - NEW Pale Green (HRV-6019)"
"1649325304-95","https://www.sprayplanet.com/collections/hardcore","Cherry (HRV-4007)","https://www.sprayplanet.com/collections/hardcore/products/mtn-hardcore-spray-paint-cherry","MTN Hardcore Spray Paint - Cherry (HRV-4007)","Hex: #582741","MTN Hardcore Spray Paint - Cherry (HRV-4007)"
"1649324949-37","https://www.sprayplanet.com/collections/hardcore","Mojito Green (HRV-236)","https://www.sprayplanet.com/collections/hardcore/products/mtn-hardcore-spray-paint-mojito-green","MTN Hardcore Spray Paint - Mojito Green (HRV-236)","Hex: #ced50a","MTN Hardcore Spray Paint - Mojito Green (HRV-236)"
"1649325283-92","https://www.sprayplanet.com/collections/hardcore","Prophet Violet (HRV-215)","https://www.sprayplanet.com/collections/hardcore/products/mtn-hardcore-spray-paint-prophet-violet","MTN Hardcore Spray Paint - Prophet Violet (HRV-215)","Hex: #6D63A5","MTN Hardcore Spray Paint - Prophet Violet (HRV-215)"
"1649325493-122","https://www.sprayplanet.com/collections/hardcore","NEW Apricot (HRV-9)","https://www.sprayplanet.com/collections/hardcore/products/mtn-hardcore-spray-paint-apricot","MTN Hardcore Spray Paint - NEW Apricot (HRV-9)","Hex #FAC294","MTN Hardcore Spray Paint - NEW Apricot (HRV-9)"
"1649325476-118","https://www.sprayplanet.com/collections/hardcore","Calcutta Orange (HRV-209)","https://www.sprayplanet.com/collections/hardcore/products/mtn-hardcore-spray-paint-calcutta-orange","MTN Hardcore Spray Paint - Calcutta Orange (HRV-209)","Hex: #DC4126","MTN Hardcore Spray Paint - Calcutta Orange (HRV-209)"
"1649324790-5","https://www.sprayplanet.com/collections/hardcore","Sputnik Grey (HRV-263)","https://www.sprayplanet.com/collections/hardcore/products/mtn-hardcore-spray-paint-sputnik-grey","MTN Hardcore Spray Paint - Sputnik Grey (HRV-263)","Hex: #575757","MTN Hardcore Spray Paint - Sputnik Grey (HRV-263)"
"1649325113-65","https://www.sprayplanet.com/collections/hardcore","Patagonia Blue (HRV-255)","https://www.sprayplanet.com/collections/hardcore/products/mtn-hardcore-spray-paint-patagonia-green","MTN Hardcore Spray Paint - Patagonia Blue (HRV-255)","Hex: #83CCDF","MTN Hardcore Spray Paint - Patagonia Blue (HRV-255)"
"1649325255-88","https://www.sprayplanet.com/collections/hardcore","Vampire Violet (HRV-27)","https://www.sprayplanet.com/collections/hardcore/products/mtn-hardcore-spray-paint-vampire-violet","MTN Hardcore Spray Paint - Vampire Violet (HRV-27)","Hex: #3E2D65","MTN Hardcore Spray Paint - Vampire Violet (HRV-27)"
"1649325360-100","https://www.sprayplanet.com/collections/hardcore","Princess Violet (HRV-257)","https://www.sprayplanet.com/collections/hardcore/products/mtn-hardcore-spray-paint-princess-violet","MTN Hardcore Spray Paint - Princess Violet (HRV-257)","Hex: #CA87B6","MTN Hardcore Spray Paint - Princess Violet (HRV-257)"
"1649325018-51","https://www.sprayplanet.com/collections/hardcore","Max Green (HRV-254)","https://www.sprayplanet.com/collections/hardcore/products/mtn-hardcore-spray-paint-max-green","MTN Hardcore Spray Paint - Max Green (HRV-254)","Hex: #9fe5c2","MTN Hardcore Spray Paint - Max Green (HRV-254)"
"1649325149-71","https://www.sprayplanet.com/collections/hardcore","Light Blue (HRV-8)","https://www.sprayplanet.com/collections/hardcore/products/mtn-hardcore-spray-paint-light-blue","MTN Hardcore Spray Paint - Light Blue (HRV-8)","Hex: #60C5E7","MTN Hardcore Spray Paint - Light Blue (HRV-8)"
"1649324886-24","https://www.sprayplanet.com/collections/hardcore","Druid Brown (HRV-246)","https://www.sprayplanet.com/collections/hardcore/products/mtn-hardcore-spray-paint-druid-brown","MTN Hardcore Spray Paint - Druid Brown (HRV-246)","Hex: #eecf99","MTN Hardcore Spray Paint - Druid Brown (HRV-246)"
"1649325552-132","https://www.sprayplanet.com/collections/hardcore","Light Yellow (HRV-1021)","https://www.sprayplanet.com/collections/hardcore/products/mtn-hardcore-spray-paint-light-yellow","MTN Hardcore Spray Paint - Light Yellow (HRV-1021)","Hex: #ffe100","MTN Hardcore Spray Paint - Light Yellow (HRV-1021)"
"1649324931-33","https://www.sprayplanet.com/collections/hardcore","NEW Natura Green (HRV-363)","https://www.sprayplanet.com/collections/hardcore/products/mtn-hardcore-spray-paint-natura-green","MTN Hardcore Spray Paint - NEW Natura Green (HRV-363)","Hex #00964F","MTN Hardcore Spray Paint - NEW Natura Green (HRV-363)"
"1649325244-86","https://www.sprayplanet.com/collections/hardcore","NEW Hortensia Blue (HRV-351)","https://www.sprayplanet.com/collections/hardcore/products/mtn-hardcore-spray-paint-hortensia-blue","MTN Hardcore Spray Paint - NEW Hortensia Blue (HRV-351)","Hex #889ed1","MTN Hardcore Spray Paint - NEW Hortensia Blue (HRV-351)"
"1649325558-133","https://www.sprayplanet.com/collections/hardcore","Party Yellow (HRV-20)","https://www.sprayplanet.com/collections/hardcore/products/mtn_hardcore_spray_paint_party_yellow","MTN Hardcore Spray Paint - Party Yellow (HRV-20)","Hex: #fdef46","MTN Hardcore Spray Paint - Party Yellow (HRV-20)"
"1649325157-72","https://www.sprayplanet.com/collections/hardcore","Arctic Blue (HRV-29)","https://www.sprayplanet.com/collections/hardcore/products/mtn-hardcore-spray-paint-arctic-blue","MTN Hardcore Spray Paint - Arctic Blue (HRV-29)","Hex: #6BDCFF","MTN Hardcore Spray Paint - Arctic Blue (HRV-29)"
"1649325173-74","https://www.sprayplanet.com/collections/hardcore","Nostromo Blue (HRV-75)","https://www.sprayplanet.com/collections/hardcore/products/mtn-hardcore-spray-paint-nostromo-blue","MTN Hardcore Spray Paint - Nostromo Blue (HRV-75)","Hex: #020E37","MTN Hardcore Spray Paint - Nostromo Blue (HRV-75)"
"1649325395-104","https://www.sprayplanet.com/collections/hardcore","Magenta (HRV-4010)","https://www.sprayplanet.com/collections/hardcore/products/mtn-hardcore-spray-paint-magenta","MTN Hardcore Spray Paint - Magenta (HRV-4010)","","MTN Hardcore Spray Paint - Magenta (HRV-4010)"
"1649325290-93","https://www.sprayplanet.com/collections/hardcore","Violet (HRV-214)","https://www.sprayplanet.com/collections/hardcore/products/mtn-hardcore-spray-paint-violet","MTN Hardcore Spray Paint - Violet (HRV-214)","Hex: #9993C3","MTN Hardcore Spray Paint - Violet (HRV-214)"
"1649325129-68","https://www.sprayplanet.com/collections/hardcore","Dark Blue (HRV-5005)","https://www.sprayplanet.com/collections/hardcore/products/mtn-hardcore-spray-paint-waimea-blue","MTN Hardcore Spray Paint - Dark Blue (HRV-5005)","Hex: #00659D","MTN Hardcore Spray Paint - Dark Blue (HRV-5005)"
"1649324825-12","https://www.sprayplanet.com/collections/hardcore","NEW Nazgul Grey (HRV-40)","https://www.sprayplanet.com/collections/hardcore/products/mtn-hardcore-spray-paint-nazgul-grey","MTN Hardcore Spray Paint - NEW Nazgul Grey (HRV-40)","Hex #928782","MTN Hardcore Spray Paint - NEW Nazgul Grey (HRV-40)"
"1649325484-120","https://www.sprayplanet.com/collections/hardcore","Pastel Orange (HRV-2003)","https://www.sprayplanet.com/collections/hardcore/products/mtn-hardcore-spray-paint-pastel-orange","MTN Hardcore Spray Paint - Pastel Orange (HRV-2003)","Hex: #EC753B","MTN Hardcore Spray Paint - Pastel Orange (HRV-2003)"
"1649324819-11","https://www.sprayplanet.com/collections/hardcore","NEW Ripley Grey (HRV-39)","https://www.sprayplanet.com/collections/hardcore/products/mtn-hardcore-spray-paint-ripley-grey","MTN Hardcore Spray Paint - NEW Ripley Grey (HRV-39)","Hex #7E7F82","MTN Hardcore Spray Paint - NEW Ripley Grey (HRV-39)"
"1649324877-22","https://www.sprayplanet.com/collections/hardcore","Baobab Brown (HRV-248)","https://www.sprayplanet.com/collections/hardcore/products/mtn-hardcore-spray-paint-baobab-brown","MTN Hardcore Spray Paint - Baobab Brown (HRV-248)","Hex: #cc9456","MTN Hardcore Spray Paint - Baobab Brown (HRV-248)"
"1649325052-54","https://www.sprayplanet.com/collections/hardcore","NEW Major Blue (HRV-360)","https://www.sprayplanet.com/collections/hardcore/products/mtn-hardcore-spray-paint-major-blue","MTN Hardcore Spray Paint - NEW Major Blue (HRV-360)","Hex #1F6363","MTN Hardcore Spray Paint - NEW Major Blue (HRV-360)"
"1649325563-134","https://www.sprayplanet.com/collections/hardcore","NEW Cream (HRV-7)","https://www.sprayplanet.com/collections/hardcore/products/mtn-hardcore-spray-paint-cream","MTN Hardcore Spray Paint - NEW Cream (HRV-7)","Hex #FED792","MTN Hardcore Spray Paint - NEW Cream (HRV-7)"
"1649324904-28","https://www.sprayplanet.com/collections/hardcore","Rambo Green (HRV-250)","https://www.sprayplanet.com/collections/hardcore/products/mtn-hardcore-spray-paint-rambo-green","MTN Hardcore Spray Paint - Rambo Green (HRV-250)","Hex: #8f995b","MTN Hardcore Spray Paint - Rambo Green (HRV-250)"
